{"cameraMode":{"drawMode":0,"name":"Shaded","section":"Shading Mode"},"sceneLighting":false,"audioPlay":false,"sceneViewState":{"showFog":true,"showMaterialUpdate":false,"showSkybox":false,"showFlares":true,"showImageEffects":true,"showParticleSystems":true},"in2DMode":false,"pivot":{"x":-2.384185791015625e-7,"y":2.2800002098083498,"z":-1.1550002098083497},"rotation":{"x":-0.20091822743415833,"y":-0.7473554015159607,"z":0.26001080870628359,"w":-0.5775067210197449},"size":1.7584160566329957,"orthographic":false}