{"cameraMode":{"drawMode":0,"name":"Shaded","section":"Shading Mode"},"sceneLighting":false,"audioPlay":false,"sceneViewState":{"showFog":true,"showMaterialUpdate":false,"showSkybox":false,"showFlares":true,"showImageEffects":true,"showParticleSystems":true},"in2DMode":false,"pivot":{"x":1.5327320098876954,"y":6.295717239379883,"z":-1.9673752784729005},"rotation":{"x":-0.10353658348321915,"y":0.04086397588253021,"z":-0.00426572747528553,"w":-0.993790864944458},"size":0.8212395310401917,"orthographic":false}