{"cameraMode":{"drawMode":0,"name":"Shaded","section":"Shading Mode"},"sceneLighting":true,"audioPlay":false,"sceneViewState":{"showFog":true,"showMaterialUpdate":false,"showSkybox":true,"showFlares":true,"showImageEffects":true,"showParticleSystems":true},"in2DMode":false,"pivot":{"x":22.68506622314453,"y":14.518900871276856,"z":-5.884269714355469},"rotation":{"x":-0.11809999495744705,"y":-0.17716218531131745,"z":0.02139166183769703,"w":-0.9768562912940979},"size":22.133371353149415,"orthographic":false}